"";"fledge_box";"fledge";"fledge_date";"fledge_time";"transp"
"1";1;"2020-05-22 17:10:22";"2020-05-22";"17:10:22";"CBB0000000008001"
"2";1;"2020-05-23 06:19:03";"2020-05-23";"06:19:03";"DAF0000000008001"
"3";1;"2020-05-23 07:24:09";"2020-05-23";"07:24:09";"F8F0000000008001"
"4";1;"2020-05-23 07:28:39";"2020-05-23";"07:28:39";"DCF0000000008001"
"5";1;"2020-05-23 07:34:45";"2020-05-23";"07:34:45";"32F0000000008001"
"6";1;"2020-05-23 09:58:23";"2020-05-23";"09:58:23";"8AF0000000008001"
"7";1;"2020-05-23 10:01:10";"2020-05-23";"10:01:10";"9CF0000000008001"
"8";1;"2020-05-23 15:48:52";"2020-05-23";"15:48:52";"48F0000000008001"
"9";1;"2020-05-24 04:26:06";"2020-05-24";"04:26:06";"74F0000000008001"
"10";1;"2020-05-24 05:32:22";"2020-05-24";"05:32:22";"ECF0000000008001"
"11";2;"2020-05-22 08:21:12";"2020-05-22";"08:21:12";"7A30000000008001"
"12";2;"2020-05-23 06:59:48";"2020-05-23";"06:59:48";"EBB0000000008001"
"13";2;"2020-05-23 07:20:46";"2020-05-23";"07:20:46";"6BB0000000008001"
"14";2;"2020-05-23 07:21:37";"2020-05-23";"07:21:37";"25B0000000008001"
"15";2;"2020-05-23 07:26:53";"2020-05-23";"07:26:53";"61B0000000008001"
"16";2;"2020-05-23 07:28:46";"2020-05-23";"07:28:46";"6DB0000000008001"
"17";2;"2020-05-23 10:21:31";"2020-05-23";"10:21:31";"68F0000000008001"
"18";2;"2020-05-24 05:45:50";"2020-05-24";"05:45:50";"D5B0000000008001"
"19";2;"2020-05-24 07:47:12";"2020-05-24";"07:47:12";"F3B0000000008001"
"20";5;"2020-05-24 06:56:59";"2020-05-24";"06:56:59";"84B0000000008001"
"21";5;"2020-05-25 18:13:34";"2020-05-25";"18:13:34";"4670000000008001"
"22";5;"2020-05-26 05:42:54";"2020-05-26";"05:42:54";"CEB0000000008001"
"23";5;"2020-05-26 05:53:54";"2020-05-26";"05:53:54";"A2B0000000008001"
"24";5;"2020-05-26 06:19:47";"2020-05-26";"06:19:47";"96B0000000008001"
"25";5;"2020-05-26 07:06:06";"2020-05-26";"07:06:06";"1CB0000000008001"
"26";5;"2020-05-26 07:07:48";"2020-05-26";"07:07:48";"26B0000000008001"
"27";5;"2020-05-26 07:12:44";"2020-05-26";"07:12:44";"6A70000000008001"
"28";6;"2020-05-28 05:26:25";"2020-05-28";"05:26:25";"F008000000008001"
"29";6;"2020-05-29 07:40:06";"2020-05-29";"07:40:06";"64F0000000008001"
"30";6;"2020-05-29 07:46:47";"2020-05-29";"07:46:47";"BB08000000008001"
"31";6;"2020-05-29 07:56:41";"2020-05-29";"07:56:41";"98F0000000008001"
"32";6;"2020-05-29 07:59:38";"2020-05-29";"07:59:38";"E4F0000000008001"
"33";6;"2020-05-29 08:03:00";"2020-05-29";"08:03:00";"EAF0000000008001"
"34";6;"2020-05-29 08:03:46";"2020-05-29";"08:03:46";"C0B0000000008001"
"35";6;"2020-05-29 08:04:53";"2020-05-29";"08:04:53";"4AF0000000008001"
"36";6;"2020-05-29 08:11:23";"2020-05-29";"08:11:23";"84F0000000008001"
"37";6;"2020-05-29 08:37:12";"2020-05-29";"08:37:12";"A2F0000000008001"
"38";18;"2020-05-23 06:10:58";"2020-05-23";"06:10:58";"CAB0000000008001"
"39";18;"2020-05-23 06:24:53";"2020-05-23";"06:24:53";"3CB0000000008001"
"40";18;"2020-05-23 06:29:25";"2020-05-23";"06:29:25";"9AB0000000008001"
"41";18;"2020-05-23 06:36:03";"2020-05-23";"06:36:03";"B6B0000000008001"
"42";18;"2020-05-23 10:50:21";"2020-05-23";"10:50:21";"9EB0000000008001"
"43";18;"2020-05-24 08:53:04";"2020-05-24";"08:53:04";"34B0000000008001"
"44";18;"2020-05-24 08:55:50";"2020-05-24";"08:55:50";"22B0000000008001"
"45";18;"2020-05-24 08:57:39";"2020-05-24";"08:57:39";"8670000000008001"
"46";21;"2020-05-21 17:10:54";"2020-05-21";"17:10:54";"83B0000000008001"
"47";21;"2020-05-22 09:43:20";"2020-05-22";"09:43:20";"89B0000000008001"
"48";21;"2020-05-22 09:44:50";"2020-05-22";"09:44:50";"CDB0000000008001"
"49";21;"2020-05-22 10:12:29";"2020-05-22";"10:12:29";"FDB0000000008001"
"50";21;"2020-05-22 11:11:37";"2020-05-22";"11:11:37";"AFB0000000008001"
"51";21;"2020-05-22 11:34:57";"2020-05-22";"11:34:57";"79B0000000008001"
"52";21;"2020-05-22 11:36:44";"2020-05-22";"11:36:44";"21B0000000008001"
"53";21;"2020-05-22 11:54:25";"2020-05-22";"11:54:25";"A3B0000000008001"
"54";22;"2020-05-23 08:52:37";"2020-05-23";"08:52:37";"A9B0000000008001"
"55";22;"2020-05-24 06:18:23";"2020-05-24";"06:18:23";"E870000000008001"
"56";22;"2020-05-24 06:37:34";"2020-05-24";"06:37:34";"2FB0000000008001"
"57";22;"2020-05-24 06:38:34";"2020-05-24";"06:38:34";"F870000000008001"
"58";22;"2020-05-25 06:21:42";"2020-05-25";"06:21:42";"E7B0000000008001"
"59";22;"2020-05-25 06:22:06";"2020-05-25";"06:22:06";"3C70000000008001"
"60";22;"2020-05-25 06:22:37";"2020-05-25";"06:22:37";"5070000000008001"
"61";22;"2020-05-25 06:22:51";"2020-05-25";"06:22:51";"7BB0000000008001"
"62";22;"2020-05-25 06:23:50";"2020-05-25";"06:23:50";"9470000000008001"
"63";26;"2020-05-21 15:19:11";"2020-05-21";"15:19:11";"81B0000000008001"
"64";26;"2020-05-22 05:10:24";"2020-05-22";"05:10:24";"01B0000000008001"
"65";26;"2020-05-22 05:13:35";"2020-05-22";"05:13:35";"E1B0000000008001"
"66";26;"2020-05-22 05:16:59";"2020-05-22";"05:16:59";"05B0000000008001"
"67";26;"2020-05-22 05:18:00";"2020-05-22";"05:18:00";"03B0000000008001"
"68";26;"2020-05-23 05:15:16";"2020-05-23";"05:15:16";"49B0000000008001"
"69";26;"2020-05-23 05:16:15";"2020-05-23";"05:16:15";"39B0000000008001"
"70";26;"2020-05-23 05:16:58";"2020-05-23";"05:16:58";"4DB0000000008001"
"71";27;"2020-05-22 10:50:03";"2020-05-22";"10:50:03";"B930000000008001"
"72";27;"2020-05-23 05:27:27";"2020-05-23";"05:27:27";"CD30000000008001"
"73";27;"2020-05-23 05:35:54";"2020-05-23";"05:35:54";"5930000000008001"
"74";27;"2020-05-23 06:08:12";"2020-05-23";"06:08:12";"F930000000008001"
"75";27;"2020-05-23 06:43:16";"2020-05-23";"06:43:16";"FB70000000008001"
"76";27;"2020-05-23 15:14:39";"2020-05-23";"15:14:39";"AD70000000008001"
"77";27;"2020-05-23 16:46:47";"2020-05-23";"16:46:47";"7108000000008001"
"78";27;"2020-05-23 17:09:36";"2020-05-23";"17:09:36";"3130000000008001"
"79";27;"2020-05-24 04:20:05";"2020-05-24";"04:20:05";"4570000000008001"
"80";27;"2020-05-24 04:56:50";"2020-05-24";"04:56:50";"2B70000000008001"
"81";27;"2020-05-24 05:20:54";"2020-05-24";"05:20:54";"EB70000000008001"
"82";29;"2020-05-24 07:28:18";"2020-05-24";"07:28:18";"78B0000000008001"
"83";29;"2020-05-25 06:00:05";"2020-05-25";"06:00:05";"BCF0000000008001"
"84";29;"2020-05-25 06:19:06";"2020-05-25";"06:19:06";"E2B0000000008001"
"85";29;"2020-05-25 06:33:04";"2020-05-25";"06:33:04";"86B0000000008001"
"86";29;"2020-05-27 05:25:26";"2020-05-27";"05:25:26";"72B0000000008001"
"87";29;"2020-05-27 05:25:42";"2020-05-27";"05:25:42";"ACF0000000008001"
"88";33;"2020-05-25 08:55:51";"2020-05-25";"08:55:51";"2EB0000000008001"
"89";33;"2020-05-25 12:13:26";"2020-05-25";"12:13:26";"7270000000008001"
"90";33;"2020-05-26 05:53:48";"2020-05-26";"05:53:48";"F570000000008001"
"91";33;"2020-05-26 05:54:42";"2020-05-26";"05:54:42";"5EB0000000008001"
"92";33;"2020-05-26 05:55:00";"2020-05-26";"05:55:00";"54B0000000008001"
"93";33;"2020-05-26 05:56:00";"2020-05-26";"05:56:00";"8270000000008001"
"94";33;"2020-05-26 05:56:10";"2020-05-26";"05:56:10";"2970000000008001"
"95";33;"2020-05-26 06:03:31";"2020-05-26";"06:03:31";"D330000000008001"
"96";33;"2020-05-26 06:10:26";"2020-05-26";"06:10:26";"7170000000008001"
"97";36;"2020-05-23 10:07:03";"2020-05-23";"10:07:03";"0530000000008001"
"98";36;"2020-05-23 11:45:05";"2020-05-23";"11:45:05";"60F0000000008001"
"99";36;"2020-05-24 04:28:15";"2020-05-24";"04:28:15";"E8F0000000008001"
"100";36;"2020-05-24 04:32:05";"2020-05-24";"04:32:05";"38F0000000008001"
"101";36;"2020-05-24 04:40:27";"2020-05-24";"04:40:27";"02F0000000008001"
"102";36;"2020-05-24 04:47:38";"2020-05-24";"04:47:38";"52F0000000008001"
"103";36;"2020-05-24 05:10:26";"2020-05-24";"05:10:26";"24F0000000008001"
"104";37;"2020-05-27 05:15:06";"2020-05-27";"05:15:06";"33F0000000008001"
"105";37;"2020-05-27 05:18:48";"2020-05-27";"05:18:48";"30B0000000008001"
"106";37;"2020-05-27 05:21:57";"2020-05-27";"05:21:57";"3F30000000008001"
"107";37;"2020-05-27 05:45:03";"2020-05-27";"05:45:03";"8330000000008001"
"108";37;"2020-05-27 05:51:33";"2020-05-27";"05:51:33";"1B30000000008001"
"109";37;"2020-05-27 06:00:25";"2020-05-27";"06:00:25";"70B0000000008001"
"110";37;"2020-05-27 06:10:12";"2020-05-27";"06:10:12";"2F30000000008001"
"111";42;"2020-05-26 14:36:55";"2020-05-26";"14:36:55";"0330000000008001"
"112";42;"2020-05-27 05:08:35";"2020-05-27";"05:08:35";"C570000000008001"
"113";42;"2020-05-27 07:19:43";"2020-05-27";"07:19:43";"4F08000000008001"
"114";42;"2020-05-27 07:24:00";"2020-05-27";"07:24:00";"28B0000000008001"
"115";42;"2020-05-27 07:26:36";"2020-05-27";"07:26:36";"FD30000000008001"
"116";42;"2020-05-27 07:57:10";"2020-05-27";"07:57:10";"BF30000000008001"
"117";42;"2020-05-27 08:06:03";"2020-05-27";"08:06:03";"50B0000000008001"
"118";42;"2020-05-27 08:10:27";"2020-05-27";"08:10:27";"3330000000008001"
"119";42;"2020-05-27 08:24:16";"2020-05-27";"08:24:16";"A8B0000000008001"
"120";42;"2020-05-27 08:40:38";"2020-05-27";"08:40:38";"F730000000008001"
"121";42;"2020-05-27 09:08:28";"2020-05-27";"09:08:28";"E730000000008001"
"122";42;"2020-05-27 09:08:55";"2020-05-27";"09:08:55";"68B0000000008001"
"123";47;"2020-05-21 07:07:24";"2020-05-21";"07:07:24";"A930000000008001"
"124";47;"2020-05-21 07:44:43";"2020-05-21";"07:44:43";"B530000000008001"
"125";47;"2020-05-21 07:46:51";"2020-05-21";"07:46:51";"F530000000008001"
"126";47;"2020-05-22 08:02:02";"2020-05-22";"08:02:02";"7E30000000008001"
"127";47;"2020-05-22 08:03:41";"2020-05-22";"08:03:41";"3530000000008001"
"128";47;"2020-05-22 08:08:13";"2020-05-22";"08:08:13";"6D30000000008001"
"129";56;"2020-05-21 08:26:42";"2020-05-21";"08:26:42";"4630000000008001"
"130";56;"2020-05-21 10:47:01";"2020-05-21";"10:47:01";"E630000000008001"
"131";56;"2020-05-22 05:18:58";"2020-05-22";"05:18:58";"ED30000000008001"
"132";56;"2020-05-22 05:22:11";"2020-05-22";"05:22:11";"FA30000000008001"
"133";56;"2020-05-22 05:23:21";"2020-05-22";"05:23:21";"2370000000008001"
"134";56;"2020-05-22 05:26:08";"2020-05-22";"05:26:08";"DE30000000008001"
"135";56;"2020-05-22 05:57:08";"2020-05-22";"05:57:08";"5630000000008001"
"136";56;"2020-05-22 06:06:57";"2020-05-22";"06:06:57";"BE30000000008001"
"137";56;"2020-05-22 06:18:43";"2020-05-22";"06:18:43";"5570000000008001"
"138";56;"2020-05-22 06:33:28";"2020-05-22";"06:33:28";"AB08000000008001"
"139";61;"2020-05-24 05:19:08";"2020-05-24";"05:19:08";"3888000000008001"
"140";61;"2020-05-25 16:25:54";"2020-05-25";"16:25:54";"4530000000008001"
"141";61;"2020-05-26 04:54:13";"2020-05-26";"04:54:13";"B4B0000000008001"
"142";61;"2020-05-26 04:55:02";"2020-05-26";"04:55:02";"A808000000008001"
"143";61;"2020-05-26 04:57:01";"2020-05-26";"04:57:01";"73F0000000008001"
"144";61;"2020-05-26 05:27:00";"2020-05-26";"05:27:00";"D7F0000000008001"
"145";61;"2020-05-26 05:30:16";"2020-05-26";"05:30:16";"2270000000008001"
"146";61;"2020-05-26 05:30:37";"2020-05-26";"05:30:37";"7E70000000008001"
"147";61;"2020-05-26 05:33:10";"2020-05-26";"05:33:10";"C4B0000000008001"
"148";61;"2020-05-26 05:53:12";"2020-05-26";"05:53:12";"BFF0000000008001"
"149";61;"2020-05-26 06:54:19";"2020-05-26";"06:54:19";"BAB0000000008001"
"150";61;"2020-05-26 06:55:45";"2020-05-26";"06:55:45";"9A70000000008001"
"151";68;"2020-05-23 11:34:10";"2020-05-23";"11:34:10";"5CB0000000008001"
"152";68;"2020-05-23 11:40:35";"2020-05-23";"11:40:35";"6AB0000000008001"
"153";68;"2020-05-23 11:42:11";"2020-05-23";"11:42:11";"3EB0000000008001"
"154";68;"2020-05-23 11:44:40";"2020-05-23";"11:44:40";"F2B0000000008001"
"155";68;"2020-05-24 05:39:45";"2020-05-24";"05:39:45";"62B0000000008001"
"156";68;"2020-05-24 06:16:48";"2020-05-24";"06:16:48";"EAB0000000008001"
"157";68;"2020-05-24 09:26:42";"2020-05-24";"09:26:42";"2AB0000000008001"
"158";68;"2020-05-24 09:27:15";"2020-05-24";"09:27:15";"5370000000008001"
"159";69;"2020-05-24 07:38:23";"2020-05-24";"07:38:23";"0AF0000000008001"
"160";69;"2020-05-25 05:02:34";"2020-05-25";"05:02:34";"A0F0000000008001"
"161";69;"2020-05-25 05:15:01";"2020-05-25";"05:15:01";"94F0000000008001"
"162";69;"2020-05-25 05:20:56";"2020-05-25";"05:20:56";"A770000000008001"
"163";69;"2020-05-25 07:15:43";"2020-05-25";"07:15:43";"3AF0000000008001"
"164";69;"2020-05-25 08:57:02";"2020-05-25";"08:57:02";"E2F0000000008001"
"165";69;"2020-05-25 09:09:29";"2020-05-25";"09:09:29";"2CF0000000008001"
"166";69;"2020-05-25 09:20:10";"2020-05-25";"09:20:10";"1AF0000000008001"
"167";69;"2020-05-25 09:20:36";"2020-05-25";"09:20:36";"4488000000008001"
"168";77;"2020-05-27 07:15:05";"2020-05-27";"07:15:05";"A888000000008001"
"169";77;"2020-05-27 07:19:11";"2020-05-27";"07:19:11";"8CB0000000008001"
"170";77;"2020-05-27 07:20:40";"2020-05-27";"07:20:40";"3708000000008001"
"171";77;"2020-05-27 07:21:16";"2020-05-27";"07:21:16";"CF08000000008001"
"172";77;"2020-05-27 07:22:13";"2020-05-27";"07:22:13";"D0F0000000008001"
"173";77;"2020-05-27 07:23:30";"2020-05-27";"07:23:30";"2708000000008001"
"174";77;"2020-05-27 07:51:21";"2020-05-27";"07:51:21";"2730000000008001"
"175";77;"2020-05-27 08:00:12";"2020-05-27";"08:00:12";"2C88000000008001"
"176";81;"2020-05-22 11:37:59";"2020-05-22";"11:37:59";"5DB0000000008001"
"177";81;"2020-05-23 06:36:32";"2020-05-23";"06:36:32";"C7B0000000008001"
"178";81;"2020-05-23 06:43:45";"2020-05-23";"06:43:45";"2870000000008001"
"179";81;"2020-05-23 06:44:36";"2020-05-23";"06:44:36";"37B0000000008001"
"180";81;"2020-05-25 05:30:45";"2020-05-25";"05:30:45";"77B0000000008001"
"181";81;"2020-05-25 05:31:08";"2020-05-25";"05:31:08";"0870000000008001"
"182";81;"2020-05-25 05:31:50";"2020-05-25";"05:31:50";"D070000000008001"
"183";81;"2020-05-25 05:33:05";"2020-05-25";"05:33:05";"FFB0000000008001"
"184";81;"2020-05-25 05:36:11";"2020-05-25";"05:36:11";"3470000000008001"
"185";86;"2020-05-24 15:38:40";"2020-05-24";"15:38:40";"1E30000000008001"
"186";86;"2020-05-26 05:06:38";"2020-05-26";"05:06:38";"3108000000008001"
"187";86;"2020-05-26 06:37:05";"2020-05-26";"06:37:05";"FD08000000008001"
"188";86;"2020-05-26 06:38:34";"2020-05-26";"06:38:34";"7308000000008001"
"189";86;"2020-05-26 06:39:44";"2020-05-26";"06:39:44";"3908000000008001"
"190";86;"2020-05-26 06:42:45";"2020-05-26";"06:42:45";"6D08000000008001"
"191";86;"2020-05-26 06:53:26";"2020-05-26";"06:53:26";"A108000000008001"
"192";86;"2020-05-26 06:58:37";"2020-05-26";"06:58:37";"0D08000000008001"
"193";86;"2020-05-26 07:01:53";"2020-05-26";"07:01:53";"9108000000008001"
"194";86;"2020-05-26 09:47:35";"2020-05-26";"09:47:35";"DD08000000008001"
"195";96;"2020-05-24 06:52:44";"2020-05-24";"06:52:44";"B970000000008001"
"196";96;"2020-05-24 07:20:30";"2020-05-24";"07:20:30";"8B50000000008001"
"197";96;"2020-05-24 07:22:03";"2020-05-24";"07:22:03";"7970000000008001"
"198";96;"2020-05-25 07:35:15";"2020-05-25";"07:35:15";"A4F0000000008001"
"199";96;"2020-05-26 06:03:13";"2020-05-26";"06:03:13";"CB70000000008001"
"200";96;"2020-05-26 06:07:12";"2020-05-26";"06:07:12";"7F30000000008001"
"201";98;"2020-05-22 08:23:36";"2020-05-22";"08:23:36";"4470000000008001"
"202";98;"2020-05-23 06:42:04";"2020-05-23";"06:42:04";"E530000000008001"
"203";98;"2020-05-24 07:01:23";"2020-05-24";"07:01:23";"4CF0000000008001"
"204";98;"2020-05-24 07:02:10";"2020-05-24";"07:02:10";"54F0000000008001"
"205";98;"2020-05-24 07:05:25";"2020-05-24";"07:05:25";"14F0000000008001"
"206";99;"2020-05-26 05:35:47";"2020-05-26";"05:35:47";"06B0000000008001"
"207";99;"2020-05-26 05:38:41";"2020-05-26";"05:38:41";"B2F0000000008001"
"208";99;"2020-05-26 05:42:38";"2020-05-26";"05:42:38";"2F70000000008001"
"209";99;"2020-05-26 05:46:13";"2020-05-26";"05:46:13";"F6B0000000008001"
"210";99;"2020-05-26 05:46:48";"2020-05-26";"05:46:48";"9F70000000008001"
"211";99;"2020-05-26 05:47:11";"2020-05-26";"05:47:11";"9570000000008001"
"212";99;"2020-05-26 05:57:44";"2020-05-26";"05:57:44";"0F70000000008001"
"213";99;"2020-05-26 05:58:30";"2020-05-26";"05:58:30";"3F70000000008001"
"214";99;"2020-05-26 06:04:26";"2020-05-26";"06:04:26";"8770000000008001"
"215";99;"2020-05-26 07:25:52";"2020-05-26";"07:25:52";"1F70000000008001"
"216";111;"2020-05-24 07:20:52";"2020-05-24";"07:20:52";"2570000000008001"
"217";111;"2020-05-25 13:09:42";"2020-05-25";"13:09:42";"8508000000008001"
"218";111;"2020-05-25 13:20:47";"2020-05-25";"13:20:47";"F308000000008001"
"219";111;"2020-05-25 13:23:02";"2020-05-25";"13:23:02";"D308000000008001"
"220";111;"2020-05-25 13:34:37";"2020-05-25";"13:34:37";"A908000000008001"
"221";111;"2020-05-26 06:26:58";"2020-05-26";"06:26:58";"9B08000000008001"
"222";111;"2020-05-26 06:29:43";"2020-05-26";"06:29:43";"3308000000008001"
"223";111;"2020-05-26 06:30:17";"2020-05-26";"06:30:17";"EB08000000008001"
"224";111;"2020-05-26 06:30:24";"2020-05-26";"06:30:24";"8308000000008001"
"225";111;"2020-05-26 06:33:57";"2020-05-26";"06:33:57";"0B08000000008001"
"226";111;"2020-05-26 06:39:05";"2020-05-26";"06:39:05";"1108000000008001"
"227";116;"2020-05-22 04:28:02";"2020-05-22";"04:28:02";"6930000000008001"
"228";116;"2020-05-23 05:12:43";"2020-05-23";"05:12:43";"CF70000000008001"
"229";116;"2020-05-23 05:37:17";"2020-05-23";"05:37:17";"2130000000008001"
"230";116;"2020-05-23 05:49:34";"2020-05-23";"05:49:34";"6D70000000008001"
"231";116;"2020-05-23 05:52:58";"2020-05-23";"05:52:58";"CE30000000008001"
"232";116;"2020-05-23 05:54:22";"2020-05-23";"05:54:22";"0570000000008001"
"233";116;"2020-05-23 06:12:59";"2020-05-23";"06:12:59";"59B0000000008001"
"234";116;"2020-05-23 06:17:30";"2020-05-23";"06:17:30";"DB70000000008001"
"235";116;"2020-05-23 06:24:58";"2020-05-23";"06:24:58";"A370000000008001"
"236";116;"2020-05-23 06:29:20";"2020-05-23";"06:29:20";"CD70000000008001"
"237";116;"2020-05-23 06:30:12";"2020-05-23";"06:30:12";"4130000000008001"
"238";116;"2020-05-23 07:06:27";"2020-05-23";"07:06:27";"D770000000008001"
"239";117;"2020-05-23 05:41:41";"2020-05-23";"05:41:41";"15B0000000008001"
"240";117;"2020-05-23 05:43:39";"2020-05-23";"05:43:39";"2930000000008001"
"241";117;"2020-05-23 05:46:20";"2020-05-23";"05:46:20";"1D30000000008001"
"242";117;"2020-05-23 05:46:35";"2020-05-23";"05:46:35";"D530000000008001"
"243";117;"2020-05-23 05:47:40";"2020-05-23";"05:47:40";"C630000000008001"
"244";117;"2020-05-23 07:00:35";"2020-05-23";"07:00:35";"FBB0000000008001"
"245";117;"2020-05-23 07:04:49";"2020-05-23";"07:04:49";"6370000000008001"
"246";123;"2014-01-03 10:23:48";"2014-01-03";"10:23:48";"F770000000008001"
"247";127;"2020-05-21 12:30:48";"2020-05-21";"12:30:48";"3E30000000008001"
"248";127;"2020-05-22 07:36:16";"2020-05-22";"07:36:16";"E130000000008001"
"249";127;"2020-05-22 07:49:53";"2020-05-22";"07:49:53";"8530000000008001"
"250";127;"2020-05-22 07:50:39";"2020-05-22";"07:50:39";"D930000000008001"
"251";127;"2020-05-22 07:52:46";"2020-05-22";"07:52:46";"D130000000008001"
"252";127;"2020-05-22 07:54:37";"2020-05-22";"07:54:37";"5530000000008001"
"253";127;"2020-05-22 08:01:16";"2020-05-22";"08:01:16";"1DB0000000008001"
"254";127;"2020-05-22 08:30:49";"2020-05-22";"08:30:49";"C930000000008001"
"255";129;"2020-05-23 07:16:58";"2020-05-23";"07:16:58";"55B0000000008001"
"256";129;"2020-05-23 07:37:13";"2020-05-23";"07:37:13";"D3B0000000008001"
"257";129;"2020-05-23 08:39:07";"2020-05-23";"08:39:07";"8D30000000008001"
"258";129;"2020-05-23 09:10:21";"2020-05-23";"09:10:21";"09B0000000008001"
"259";129;"2020-05-23 09:25:38";"2020-05-23";"09:25:38";"3BB0000000008001"
"260";129;"2020-05-23 09:27:29";"2020-05-23";"09:27:29";"69B0000000008001"
"261";129;"2020-05-23 10:15:50";"2020-05-23";"10:15:50";"FEB0000000008001"
"262";129;"2020-05-23 10:26:56";"2020-05-23";"10:26:56";"1770000000008001"
"263";129;"2020-05-26 07:45:20";"2020-05-26";"07:45:20";"A1B0000000008001"
"264";136;"2020-05-27 04:52:18";"2020-05-27";"04:52:18";"3508000000008001"
"265";136;"2020-05-27 04:53:32";"2020-05-27";"04:53:32";"B308000000008001"
"266";136;"2020-05-27 05:10:45";"2020-05-27";"05:10:45";"6B08000000008001"
"267";136;"2020-05-27 05:11:08";"2020-05-27";"05:11:08";"8708000000008001"
"268";136;"2020-05-27 05:14:51";"2020-05-27";"05:14:51";"2108000000008001"
"269";136;"2020-05-27 05:23:32";"2020-05-27";"05:23:32";"BD08000000008001"
"270";136;"2020-05-27 05:27:14";"2020-05-27";"05:27:14";"0108000000008001"
"271";136;"2020-05-27 05:29:40";"2020-05-27";"05:29:40";"A508000000008001"
"272";136;"2020-05-27 06:58:00";"2020-05-27";"06:58:00";"4008000000008001"
"273";140;"2020-05-22 06:37:28";"2020-05-22";"06:37:28";"6130000000008001"
"274";140;"2020-05-22 07:10:14";"2020-05-22";"07:10:14";"BA30000000008001"
"275";140;"2020-05-22 07:10:30";"2020-05-22";"07:10:30";"E930000000008001"
"276";140;"2020-05-22 13:29:50";"2020-05-22";"13:29:50";"1130000000008001"
"277";140;"2020-05-23 05:45:29";"2020-05-23";"05:45:29";"88F0000000008001"
"278";140;"2020-05-23 05:48:39";"2020-05-23";"05:48:39";"93B0000000008001"
"279";140;"2020-05-23 08:05:23";"2020-05-23";"08:05:23";"0130000000008001"
"280";140;"2020-05-23 08:08:20";"2020-05-23";"08:08:20";"F630000000008001"
"281";140;"2020-05-24 04:51:26";"2020-05-24";"04:51:26";"8E30000000008001"
"282";142;"2020-05-22 07:07:46";"2020-05-22";"07:07:46";"B130000000008001"
"283";142;"2020-05-22 08:37:38";"2020-05-22";"08:37:38";"D630000000008001"
"284";142;"2020-05-22 08:38:22";"2020-05-22";"08:38:22";"5870000000008001"
"285";142;"2020-05-23 05:08:55";"2020-05-23";"05:08:55";"9130000000008001"
"286";142;"2020-05-23 05:47:17";"2020-05-23";"05:47:17";"9E30000000008001"
"287";142;"2020-05-23 05:49:01";"2020-05-23";"05:49:01";"6E30000000008001"
"288";142;"2020-05-23 05:50:30";"2020-05-23";"05:50:30";"4CB0000000008001"
"289";142;"2020-05-23 05:51:35";"2020-05-23";"05:51:35";"2D30000000008001"
"290";142;"2020-05-23 05:52:21";"2020-05-23";"05:52:21";"3D30000000008001"
"291";150;"2020-05-26 05:53:25";"2020-05-26";"05:53:25";"2D70000000008001"
"292";150;"2020-05-26 12:14:10";"2020-05-26";"12:14:10";"3488000000008001"
"293";150;"2020-05-26 12:28:01";"2020-05-26";"12:28:01";"1370000000008001"
"294";150;"2020-05-26 14:31:35";"2020-05-26";"14:31:35";"4770000000008001"
"295";152;"2020-05-27 06:34:49";"2020-05-27";"06:34:49";"BD70000000008001"
"296";152;"2020-05-27 06:39:36";"2020-05-27";"06:39:36";"F8B0000000008001"
"297";152;"2020-05-27 07:29:10";"2020-05-27";"07:29:10";"6570000000008001"
"298";152;"2020-05-27 07:29:40";"2020-05-27";"07:29:40";"EF70000000008001"
"299";152;"2020-05-27 07:30:09";"2020-05-27";"07:30:09";"0770000000008001"
"300";152;"2020-05-27 07:32:08";"2020-05-27";"07:32:08";"E770000000008001"
"301";152;"2020-05-27 07:33:35";"2020-05-27";"07:33:35";"DD70000000008001"
"302";152;"2020-05-27 07:34:16";"2020-05-27";"07:34:16";"7C70000000008001"
"303";152;"2020-05-27 08:31:14";"2020-05-27";"08:31:14";"7D70000000008001"
"304";154;"2020-05-25 13:32:51";"2020-05-25";"13:32:51";"4F70000000008001"
"305";154;"2020-05-26 07:31:41";"2020-05-26";"07:31:41";"27B0000000008001"
"306";154;"2020-05-26 07:40:17";"2020-05-26";"07:40:17";"C770000000008001"
"307";154;"2020-05-26 07:40:56";"2020-05-26";"07:40:56";"AF70000000008001"
"308";154;"2020-05-26 07:42:56";"2020-05-26";"07:42:56";"9770000000008001"
"309";154;"2020-05-26 07:44:03";"2020-05-26";"07:44:03";"A570000000008001"
"310";154;"2020-05-26 07:44:54";"2020-05-26";"07:44:54";"9B70000000008001"
"311";160;"2020-05-26 07:52:18";"2020-05-26";"07:52:18";"D4F0000000008001"
"312";160;"2020-05-26 07:54:19";"2020-05-26";"07:54:19";"C0F0000000008001"
"313";160;"2020-05-26 09:00:24";"2020-05-26";"09:00:24";"5D08000000008001"
"314";160;"2020-05-26 09:36:06";"2020-05-26";"09:36:06";"CCF0000000008001"
"315";160;"2020-05-27 07:24:05";"2020-05-27";"07:24:05";"B8F0000000008001"
"316";160;"2020-05-27 07:25:39";"2020-05-27";"07:25:39";"6C88000000008001"
"317";170;"2020-05-21 11:30:35";"2020-05-21";"11:30:35";"BEB0000000008001"
"318";170;"2020-05-22 05:31:34";"2020-05-22";"05:31:34";"B9B0000000008001"
"319";170;"2020-05-22 09:20:30";"2020-05-22";"09:20:30";"E3B0000000008001"
"320";170;"2020-05-22 09:22:49";"2020-05-22";"09:22:49";"1BB0000000008001"
"321";170;"2020-05-24 05:41:13";"2020-05-24";"05:41:13";"BDB0000000008001"
"322";170;"2020-05-24 05:46:23";"2020-05-24";"05:46:23";"71B0000000008001"
"323";170;"2020-05-24 05:49:34";"2020-05-24";"05:49:34";"D1B0000000008001"
"324";170;"2020-05-24 05:52:39";"2020-05-24";"05:52:39";"DDB0000000008001"
"325";172;"2020-05-24 06:30:37";"2020-05-24";"06:30:37";"B570000000008001"
"326";172;"2020-05-24 06:41:28";"2020-05-24";"06:41:28";"F470000000008001"
"327";172;"2020-05-25 04:35:27";"2020-05-25";"04:35:27";"3770000000008001"
"328";172;"2020-05-25 05:50:04";"2020-05-25";"05:50:04";"B070000000008001"
"329";172;"2020-05-25 09:52:06";"2020-05-25";"09:52:06";"C870000000008001"
"330";172;"2020-05-25 11:29:23";"2020-05-25";"11:29:23";"9070000000008001"
"331";172;"2020-05-26 08:51:47";"2020-05-26";"08:51:47";"4070000000008001"
"332";172;"2020-05-26 08:53:36";"2020-05-26";"08:53:36";"6FB0000000008001"
"333";178;"2020-05-27 06:12:23";"2020-05-27";"06:12:23";"F970000000008001"
"334";178;"2020-05-27 06:16:48";"2020-05-27";"06:16:48";"D970000000008001"
"335";178;"2020-05-27 06:18:42";"2020-05-27";"06:18:42";"FBF0000000008001"
"336";178;"2020-05-27 06:19:33";"2020-05-27";"06:19:33";"4FF0000000008001"
"337";178;"2020-05-27 06:22:57";"2020-05-27";"06:22:57";"DBF0000000008001"
"338";178;"2020-05-27 06:23:29";"2020-05-27";"06:23:29";"9B30000000008001"
"339";178;"2020-05-27 06:23:49";"2020-05-27";"06:23:49";"F3F0000000008001"
"340";178;"2020-05-27 06:26:52";"2020-05-27";"06:26:52";"63F0000000008001"
"341";179;"2020-05-27 06:29:24";"2020-05-27";"06:29:24";"8A70000000008001"
"342";179;"2020-05-27 06:34:04";"2020-05-27";"06:34:04";"1008000000008001"
"343";179;"2020-05-27 10:31:31";"2020-05-27";"10:31:31";"66B0000000008001"
"344";179;"2020-05-27 10:41:03";"2020-05-27";"10:41:03";"2BF0000000008001"
"345";179;"2020-05-28 10:58:03";"2020-05-28";"10:58:03";"9708000000008001"
"346";179;"2020-05-28 11:08:46";"2020-05-28";"11:08:46";"C708000000008001"
"347";179;"2020-05-28 11:11:06";"2020-05-28";"11:11:06";"FA70000000008001"
"348";179;"2020-05-28 11:19:06";"2020-05-28";"11:19:06";"1D70000000008001"
"349";180;"2020-05-26 10:08:21";"2020-05-26";"10:08:21";"B508000000008001"
"350";180;"2020-05-27 10:21:47";"2020-05-27";"10:21:47";"ABF0000000008001"
"351";180;"2020-05-27 10:25:04";"2020-05-27";"10:25:04";"7FF0000000008001"
"352";180;"2020-05-28 05:12:09";"2020-05-28";"05:12:09";"37F0000000008001"
"353";180;"2020-05-28 05:15:19";"2020-05-28";"05:15:19";"0008000000008001"
"354";180;"2020-05-28 05:34:39";"2020-05-28";"05:34:39";"3E70000000008001"
"355";180;"2020-05-28 13:34:00";"2020-05-28";"13:34:00";"3808000000008001"
"356";180;"2020-05-28 13:34:20";"2020-05-28";"13:34:20";"C670000000008001"
"357";182;"2020-05-27 06:15:42";"2020-05-27";"06:15:42";"E708000000008001"
"358";182;"2020-05-27 06:16:43";"2020-05-27";"06:16:43";"9488000000008001"
"359";182;"2020-05-27 06:17:43";"2020-05-27";"06:17:43";"F488000000008001"
"360";182;"2020-05-27 06:17:45";"2020-05-27";"06:17:45";"6F08000000008001"
"361";182;"2020-05-27 06:18:23";"2020-05-27";"06:18:23";"C488000000008001"
"362";182;"2020-05-27 06:19:26";"2020-05-27";"06:19:26";"8FF0000000008001"
"363";182;"2020-05-27 06:19:51";"2020-05-27";"06:19:51";"F130000000008001"
"364";182;"2020-05-27 06:19:57";"2020-05-27";"06:19:57";"5D70000000008001"
"365";182;"2020-05-27 06:21:52";"2020-05-27";"06:21:52";"0630000000008001"
"366";188;"2020-05-25 07:17:04";"2020-05-25";"07:17:04";"8988000000008001"
"367";188;"2020-05-25 08:24:12";"2020-05-25";"08:24:12";"6488000000008001"
"368";188;"2020-05-25 08:33:09";"2020-05-25";"08:33:09";"6708000000008001"
"369";188;"2020-05-25 10:39:06";"2020-05-25";"10:39:06";"2888000000008001"
"370";188;"2020-05-25 10:48:40";"2020-05-25";"10:48:40";"5F08000000008001"
"371";188;"2020-05-25 11:02:23";"2020-05-25";"11:02:23";"0B70000000008001"
"372";188;"2020-05-25 11:06:54";"2020-05-25";"11:06:54";"9C88000000008001"
"373";188;"2020-05-25 11:14:23";"2020-05-25";"11:14:23";"0488000000008001"
"374";188;"2020-05-25 11:37:28";"2020-05-25";"11:37:28";"1C88000000008001"
"375";188;"2020-05-25 11:40:03";"2020-05-25";"11:40:03";"4708000000008001"
"376";191;"2020-05-24 06:23:39";"2020-05-24";"06:23:39";"44B0000000008001"
"377";191;"2020-05-24 06:25:25";"2020-05-24";"06:25:25";"5D30000000008001"
"378";191;"2020-05-24 06:26:16";"2020-05-24";"06:26:16";"DCB0000000008001"
"379";191;"2020-05-24 06:28:45";"2020-05-24";"06:28:45";"64B0000000008001"
"380";191;"2020-05-24 06:32:04";"2020-05-24";"06:32:04";"D2B0000000008001"
"381";191;"2020-05-24 06:34:35";"2020-05-24";"06:34:35";"A4B0000000008001"
"382";191;"2020-05-24 06:36:41";"2020-05-24";"06:36:41";"ACB0000000008001"
"383";191;"2020-05-24 06:55:46";"2020-05-24";"06:55:46";"F4B0000000008001"
"384";191;"2020-05-24 06:59:21";"2020-05-24";"06:59:21";"A6B0000000008001"
"385";193;"2020-05-26 07:19:07";"2020-05-26";"07:19:07";"C4F0000000008001"
"386";193;"2020-05-26 09:17:30";"2020-05-26";"09:17:30";"DA88000000008001"
"387";193;"2020-05-26 10:34:34";"2020-05-26";"10:34:34";"E088000000008001"
"388";193;"2020-05-26 10:43:47";"2020-05-26";"10:43:47";"B888000000008001"
"389";193;"2020-05-26 12:35:53";"2020-05-26";"12:35:53";"ED70000000008001"
"390";193;"2020-05-27 04:49:31";"2020-05-27";"04:49:31";"B370000000008001"
"391";193;"2020-05-27 05:15:11";"2020-05-27";"05:15:11";"C088000000008001"
"392";193;"2020-05-27 05:51:48";"2020-05-27";"05:51:48";"7530000000008001"
"393";193;"2020-05-27 05:54:17";"2020-05-27";"05:54:17";"B708000000008001"
"394";194;"2020-05-23 09:44:51";"2020-05-23";"09:44:51";"BCB0000000008001"
"395";194;"2020-05-23 09:47:58";"2020-05-23";"09:47:58";"02B0000000008001"
"396";194;"2020-05-23 09:48:39";"2020-05-23";"09:48:39";"C6B0000000008001"
"397";194;"2020-05-23 10:03:54";"2020-05-23";"10:03:54";"C9B0000000008001"
"398";194;"2020-05-23 11:09:38";"2020-05-23";"11:09:38";"32B0000000008001"
"399";194;"2020-05-23 16:03:13";"2020-05-23";"16:03:13";"8AB0000000008001"
"400";194;"2020-05-23 16:41:10";"2020-05-23";"16:41:10";"14B0000000008001"
"401";194;"2020-05-24 05:15:48";"2020-05-24";"05:15:48";"EEB0000000008001"
"402";194;"2020-05-24 05:26:57";"2020-05-24";"05:26:57";"8C70000000008001"
"403";194;"2020-05-24 06:22:25";"2020-05-24";"06:22:25";"94B0000000008001"
"404";194;"2020-05-24 08:37:57";"2020-05-24";"08:37:57";"46B0000000008001"
"405";196;"2020-05-28 05:37:51";"2020-05-28";"05:37:51";"0FF0000000008001"
"406";196;"2020-05-28 05:39:28";"2020-05-28";"05:39:28";"3D70000000008001"
"407";196;"2020-05-28 06:33:52";"2020-05-28";"06:33:52";"4908000000008001"
"408";196;"2020-05-28 06:38:46";"2020-05-28";"06:38:46";"1308000000008001"
"409";196;"2020-05-28 06:41:18";"2020-05-28";"06:41:18";"4B70000000008001"
"410";196;"2020-05-28 06:41:32";"2020-05-28";"06:41:32";"7570000000008001"
"411";196;"2020-05-28 07:05:29";"2020-05-28";"07:05:29";"1508000000008001"
"412";196;"2020-05-28 07:06:43";"2020-05-28";"07:06:43";"38B0000000008001"
"413";196;"2020-05-28 10:26:38";"2020-05-28";"10:26:38";"F370000000008001"
"414";196;"2020-05-28 10:31:05";"2020-05-28";"10:31:05";"7D08000000008001"
"415";197;"2020-05-27 06:15:56";"2020-05-27";"06:15:56";"0D70000000008001"
"416";197;"2020-05-27 06:39:19";"2020-05-27";"06:39:19";"2688000000008001"
"417";197;"2020-05-27 06:43:55";"2020-05-27";"06:43:55";"3288000000008001"
"418";197;"2020-05-27 06:44:54";"2020-05-27";"06:44:54";"1188000000008001"
"419";197;"2020-05-27 09:34:00";"2020-05-27";"09:34:00";"7688000000008001"
"420";200;"2020-05-26 09:57:47";"2020-05-26";"09:57:47";"EC88000000008001"
"421";200;"2020-05-28 05:53:14";"2020-05-28";"05:53:14";"D008000000008001"
"422";200;"2020-05-28 05:53:45";"2020-05-28";"05:53:45";"2FF0000000008001"
"423";200;"2020-05-28 06:15:15";"2020-05-28";"06:15:15";"8BF0000000008001"
"424";200;"2020-05-28 06:31:43";"2020-05-28";"06:31:43";"9FF0000000008001"
"425";200;"2020-05-28 07:25:34";"2020-05-28";"07:25:34";"E4B0000000008001"
"426";206;"2020-05-26 13:10:08";"2020-05-26";"13:10:08";"6188000000008001"
"427";206;"2020-05-27 06:23:29";"2020-05-27";"06:23:29";"7708000000008001"
"428";206;"2020-05-27 06:34:26";"2020-05-27";"06:34:26";"C988000000008001"
"429";206;"2020-05-27 06:35:53";"2020-05-27";"06:35:53";"3E88000000008001"
"430";206;"2020-05-27 07:03:42";"2020-05-27";"07:03:42";"3988000000008001"
"431";206;"2020-05-27 07:42:02";"2020-05-27";"07:42:02";"EE88000000008001"
"432";206;"2020-05-28 04:38:55";"2020-05-28";"04:38:55";"EA88000000008001"
"433";213;"2020-05-25 12:14:45";"2020-05-25";"12:14:45";"1888000000008001"
"434";213;"2020-05-25 12:28:59";"2020-05-25";"12:28:59";"AF08000000008001"
"435";213;"2020-05-26 05:48:18";"2020-05-26";"05:48:18";"3C88000000008001"
"436";213;"2020-05-26 05:50:19";"2020-05-26";"05:50:19";"4088000000008001"
"437";213;"2020-05-26 05:54:32";"2020-05-26";"05:54:32";"62F0000000008001"
"438";213;"2020-05-26 07:37:05";"2020-05-26";"07:37:05";"F708000000008001"
"439";216;"2020-05-25 16:34:40";"2020-05-25";"16:34:40";"D088000000008001"
"440";216;"2020-05-27 08:24:56";"2020-05-27";"08:24:56";"9D30000000008001"
"441";216;"2020-05-27 08:26:31";"2020-05-27";"08:26:31";"E370000000008001"
"442";216;"2020-05-27 08:29:52";"2020-05-27";"08:29:52";"7CF0000000008001"
"443";216;"2020-05-27 08:31:31";"2020-05-27";"08:31:31";"4D70000000008001"
"444";220;"2020-05-24 05:00:28";"2020-05-24";"05:00:28";"92B0000000008001"
"445";220;"2020-05-24 05:03:58";"2020-05-24";"05:03:58";"CFB0000000008001"
"446";220;"2020-05-24 05:04:43";"2020-05-24";"05:04:43";"8070000000008001"
"447";220;"2020-05-24 05:07:51";"2020-05-24";"05:07:51";"9870000000008001"
"448";220;"2020-05-24 05:08:42";"2020-05-24";"05:08:42";"07B0000000008001"
"449";220;"2020-05-28 05:26:06";"2020-05-28";"05:26:06";"5470000000008001"
"450";220;"2020-05-28 05:26:19";"2020-05-28";"05:26:19";"B870000000008001"
"451";222;"2014-01-04 09:37:18";"2014-01-04";"09:37:18";"DF70000000008001"
"452";226;"2020-05-23 04:25:27";"2020-05-23";"04:25:27";"3870000000008001"
"453";226;"2020-05-23 05:07:16";"2020-05-23";"05:07:16";"E5B0000000008001"
"454";226;"2020-05-23 05:09:49";"2020-05-23";"05:09:49";"9BB0000000008001"
"455";226;"2020-05-23 05:11:40";"2020-05-23";"05:11:40";"C3B0000000008001"
"456";226;"2020-05-23 05:17:45";"2020-05-23";"05:17:45";"C1B0000000008001"
"457";226;"2020-05-23 05:20:53";"2020-05-23";"05:20:53";"2BB0000000008001"
"458";226;"2020-05-23 05:29:06";"2020-05-23";"05:29:06";"4BB0000000008001"
"459";226;"2020-05-23 05:45:53";"2020-05-23";"05:45:53";"23B0000000008001"
"460";226;"2020-05-23 05:46:20";"2020-05-23";"05:46:20";"9CB0000000008001"
"461";226;"2020-05-23 06:43:41";"2020-05-23";"06:43:41";"65B0000000008001"
"462";230;"2020-05-17 10:49:53";"2020-05-17";"10:49:53";"2DB0000000008001"
"463";230;"2020-05-21 09:14:02";"2020-05-21";"09:14:02";"99B0000000008001"
"464";230;"2020-05-21 13:31:54";"2020-05-21";"13:31:54";"DBB0000000008001"
"465";230;"2020-05-22 05:27:06";"2020-05-22";"05:27:06";"8DB0000000008001"
"466";230;"2020-05-22 06:23:56";"2020-05-22";"06:23:56";"3DB0000000008001"
"467";230;"2020-05-22 06:24:58";"2020-05-22";"06:24:58";"8930000000008001"
"468";230;"2020-05-22 06:37:48";"2020-05-22";"06:37:48";"E9B0000000008001"
"469";230;"2020-05-22 06:38:30";"2020-05-22";"06:38:30";"F5B0000000008001"
"470";232;"2020-05-23 07:07:38";"2020-05-23";"07:07:38";"D470000000008001"
"471";232;"2020-05-23 07:14:37";"2020-05-23";"07:14:37";"C2B0000000008001"
"472";232;"2020-05-23 07:15:05";"2020-05-23";"07:15:05";"DAB0000000008001"
"473";232;"2020-05-23 07:17:43";"2020-05-23";"07:17:43";"3AB0000000008001"
"474";232;"2020-05-23 07:17:53";"2020-05-23";"07:17:53";"FAB0000000008001"
"475";232;"2020-05-23 07:23:40";"2020-05-23";"07:23:40";"8EB0000000008001"
"476";232;"2020-05-23 11:35:43";"2020-05-23";"11:35:43";"52B0000000008001"
"477";232;"2020-05-24 13:56:37";"2020-05-24";"13:56:37";"AEB0000000008001"
"478";235;"2020-05-25 12:07:53";"2020-05-25";"12:07:53";"CC88000000008001"
"479";235;"2020-05-25 16:22:34";"2020-05-25";"16:22:34";"BF70000000008001"
"480";235;"2020-05-26 04:53:58";"2020-05-26";"04:53:58";"5908000000008001"
"481";235;"2020-05-26 04:59:15";"2020-05-26";"04:59:15";"D488000000008001"
"482";235;"2020-05-26 05:03:11";"2020-05-26";"05:03:11";"0708000000008001"
"483";235;"2020-05-26 05:11:15";"2020-05-26";"05:11:15";"40F0000000008001"
"484";235;"2020-05-26 05:12:16";"2020-05-26";"05:12:16";"70F0000000008001"
"485";235;"2020-05-26 05:16:33";"2020-05-26";"05:16:33";"8088000000008001"
"486";238;"2020-05-21 06:45:29";"2020-05-21";"06:45:29";"7130000000008001"
"487";238;"2020-05-22 05:38:35";"2020-05-22";"05:38:35";"B1B0000000008001"
"488";238;"2020-05-22 05:53:40";"2020-05-22";"05:53:40";"11B0000000008001"
"489";238;"2020-05-22 05:58:05";"2020-05-22";"05:58:05";"41B0000000008001"
"490";238;"2020-05-22 05:58:53";"2020-05-22";"05:58:53";"ADB0000000008001"
"491";238;"2020-05-22 06:15:39";"2020-05-22";"06:15:39";"43B0000000008001"
"492";238;"2020-05-22 06:19:00";"2020-05-22";"06:19:00";"4370000000008001"
"493";238;"2020-05-22 06:23:33";"2020-05-22";"06:23:33";"B5B0000000008001"
"494";241;"2020-05-23 05:45:19";"2020-05-23";"05:45:19";"3630000000008001"
"495";241;"2020-05-23 05:53:08";"2020-05-23";"05:53:08";"13B0000000008001"
"496";241;"2020-05-23 05:54:44";"2020-05-23";"05:54:44";"5BB0000000008001"
"497";241;"2020-05-23 05:55:45";"2020-05-23";"05:55:45";"75B0000000008001"
"498";241;"2020-05-23 05:56:23";"2020-05-23";"05:56:23";"95B0000000008001"
"499";241;"2020-05-23 05:58:54";"2020-05-23";"05:58:54";"29B0000000008001"
"500";241;"2020-05-23 06:08:23";"2020-05-23";"06:08:23";"51B0000000008001"
"501";241;"2020-05-23 07:57:27";"2020-05-23";"07:57:27";"A5B0000000008001"
"502";241;"2020-05-23 09:03:53";"2020-05-23";"09:03:53";"F9B0000000008001"
"503";241;"2020-05-23 15:20:03";"2020-05-23";"15:20:03";"8BB0000000008001"
"504";243;"2020-05-20 08:00:48";"2020-05-20";"08:00:48";"ABB0000000008001"
"505";243;"2020-05-21 08:49:47";"2020-05-21";"08:49:47";"6630000000008001"
"506";243;"2020-05-21 09:02:07";"2020-05-21";"09:02:07";"FE30000000008001"
"507";243;"2020-05-21 09:02:53";"2020-05-21";"09:02:53";"EE30000000008001"
"508";243;"2020-05-21 09:13:02";"2020-05-21";"09:13:02";"45B0000000008001"
"509";243;"2020-05-21 10:08:53";"2020-05-21";"10:08:53";"8130000000008001"
"510";243;"2020-05-21 10:10:12";"2020-05-21";"10:10:12";"2630000000008001"
"511";245;"2020-05-23 05:28:23";"2020-05-23";"05:28:23";"9C70000000008001"
"512";245;"2020-05-23 05:39:58";"2020-05-23";"05:39:58";"CC70000000008001"
"513";245;"2020-05-23 05:44:39";"2020-05-23";"05:44:39";"1870000000008001"
"514";245;"2020-05-23 05:50:47";"2020-05-23";"05:50:47";"8470000000008001"
"515";245;"2020-05-23 05:52:29";"2020-05-23";"05:52:29";"A070000000008001"
"516";245;"2020-05-23 06:26:12";"2020-05-23";"06:26:12";"8FB0000000008001"
"517";245;"2020-05-23 06:28:12";"2020-05-23";"06:28:12";"B470000000008001"
"518";245;"2020-05-23 06:28:46";"2020-05-23";"06:28:46";"91B0000000008001"
"519";246;"2020-05-24 10:46:02";"2020-05-24";"10:46:02";"D708000000008001"
"520";246;"2020-05-24 11:02:56";"2020-05-24";"11:02:56";"2088000000008001"
"521";246;"2020-05-24 11:20:39";"2020-05-24";"11:20:39";"AD30000000008001"
"522";246;"2020-05-24 14:46:07";"2020-05-24";"14:46:07";"2F08000000008001"
"523";246;"2020-05-24 17:04:19";"2020-05-24";"17:04:19";"3F08000000008001"
"524";246;"2020-05-25 04:22:46";"2020-05-25";"04:22:46";"5E30000000008001"
"525";246;"2020-05-25 04:51:10";"2020-05-25";"04:51:10";"4C88000000008001"
"526";246;"2020-05-25 04:52:52";"2020-05-25";"04:52:52";"E570000000008001"
"527";246;"2020-05-25 04:54:08";"2020-05-25";"04:54:08";"8C88000000008001"
"528";246;"2020-05-25 04:55:04";"2020-05-25";"04:55:04";"1088000000008001"
"529";246;"2020-05-25 04:55:47";"2020-05-25";"04:55:47";"8F08000000008001"
"530";246;"2020-05-25 06:00:31";"2020-05-25";"06:00:31";"0088000000008001"
"531";247;"2020-05-25 04:35:59";"2020-05-25";"04:35:59";"5988000000008001"
"532";247;"2020-05-25 04:50:16";"2020-05-25";"04:50:16";"4E88000000008001"
"533";247;"2020-05-25 04:52:52";"2020-05-25";"04:52:52";"9288000000008001"
"534";247;"2020-05-25 04:55:07";"2020-05-25";"04:55:07";"9A88000000008001"
"535";247;"2020-05-25 04:59:56";"2020-05-25";"04:59:56";"C330000000008001"
"536";247;"2020-05-25 06:03:29";"2020-05-25";"06:03:29";"B688000000008001"
"537";247;"2020-05-25 06:12:07";"2020-05-25";"06:12:07";"0288000000008001"
"538";247;"2020-05-25 06:13:05";"2020-05-25";"06:13:05";"9688000000008001"
"539";247;"2020-05-25 06:42:28";"2020-05-25";"06:42:28";"C688000000008001"
"540";247;"2020-05-25 06:47:41";"2020-05-25";"06:47:41";"4288000000008001"
"541";248;"2020-05-23 09:24:32";"2020-05-23";"09:24:32";"BA88000000008001"
"542";248;"2020-05-24 07:34:48";"2020-05-24";"07:34:48";"47B0000000008001"
"543";248;"2020-05-24 07:51:49";"2020-05-24";"07:51:49";"6A88000000008001"
"544";248;"2020-05-24 09:28:15";"2020-05-24";"09:28:15";"6070000000008001"
"545";248;"2020-05-25 05:38:35";"2020-05-25";"05:38:35";"1A88000000008001"
"546";248;"2020-05-25 05:45:00";"2020-05-25";"05:45:00";"FE88000000008001"
"547";248;"2020-05-25 05:46:30";"2020-05-25";"05:46:30";"F288000000008001"
"548";248;"2020-05-25 05:47:08";"2020-05-25";"05:47:08";"D188000000008001"
"549";248;"2020-05-25 14:30:48";"2020-05-25";"14:30:48";"D688000000008001"
"550";248;"2020-05-25 15:25:08";"2020-05-25";"15:25:08";"CF30000000008001"
"551";250;"2020-05-18 11:09:08";"2020-05-18";"11:09:08";"1C70000000008001"
"552";250;"2020-05-19 12:37:12";"2020-05-19";"12:37:12";"F070000000008001"
"553";250;"2020-05-19 14:03:09";"2020-05-19";"14:03:09";"3FB0000000008001"
"554";250;"2020-05-22 05:43:17";"2020-05-22";"05:43:17";"EC70000000008001"
"555";250;"2020-05-22 05:48:15";"2020-05-22";"05:48:15";"FF70000000008001"
"556";255;"2020-05-24 08:55:08";"2020-05-24";"08:55:08";"2AF0000000008001"
"557";255;"2020-05-24 09:11:01";"2020-05-24";"09:11:01";"3CF0000000008001"
"558";255;"2020-05-24 16:50:46";"2020-05-24";"16:50:46";"5888000000008001"
"559";255;"2020-05-25 09:22:13";"2020-05-25";"09:22:13";"6108000000008001"
"560";255;"2020-05-25 09:24:32";"2020-05-25";"09:24:32";"8488000000008001"
"561";255;"2020-05-25 09:46:48";"2020-05-25";"09:46:48";"D888000000008001"
"562";255;"2020-05-25 09:50:50";"2020-05-25";"09:50:50";"78F0000000008001"
"563";255;"2020-05-25 09:51:09";"2020-05-25";"09:51:09";"7888000000008001"
"564";256;"2020-05-21 12:49:48";"2020-05-21";"12:49:48";"D870000000008001"
"565";256;"2020-05-21 12:58:09";"2020-05-21";"12:58:09";"9FB0000000008001"
"566";256;"2020-05-22 10:45:29";"2020-05-22";"10:45:29";"EFB0000000008001"
"567";256;"2020-05-23 06:35:51";"2020-05-23";"06:35:51";"2530000000008001"
"568";256;"2020-05-23 06:36:32";"2020-05-23";"06:36:32";"6C70000000008001"
"569";256;"2020-05-23 06:41:32";"2020-05-23";"06:41:32";"DFB0000000008001"
"570";256;"2020-05-23 06:41:55";"2020-05-23";"06:41:55";"C070000000008001"
"571";256;"2020-05-23 06:42:34";"2020-05-23";"06:42:34";"1EB0000000008001"
"572";259;"2020-05-23 11:40:15";"2020-05-23";"11:40:15";"5C88000000008001"
"573";259;"2020-05-24 13:22:02";"2020-05-24";"13:22:02";"F888000000008001"
"574";259;"2020-05-24 13:54:01";"2020-05-24";"13:54:01";"7F08000000008001"
"575";259;"2020-05-25 04:24:41";"2020-05-25";"04:24:41";"EBF0000000008001"
"576";259;"2020-05-25 04:24:55";"2020-05-25";"04:24:55";"2488000000008001"
"577";259;"2020-05-25 04:25:31";"2020-05-25";"04:25:31";"A488000000008001"
"578";259;"2020-05-25 04:36:49";"2020-05-25";"04:36:49";"8370000000008001"
"579";262;"2020-05-25 06:39:49";"2020-05-25";"06:39:49";"D988000000008001"
"580";262;"2020-05-27 08:48:44";"2020-05-27";"08:48:44";"DF30000000008001"
"581";262;"2020-05-27 09:00:47";"2020-05-27";"09:00:47";"EB30000000008001"
"582";262;"2020-05-27 09:07:49";"2020-05-27";"09:07:49";"6F30000000008001"
"583";262;"2020-05-27 09:43:03";"2020-05-27";"09:43:03";"4330000000008001"
"584";262;"2020-05-27 09:43:47";"2020-05-27";"09:43:47";"80B0000000008001"
"585";262;"2020-05-27 09:48:25";"2020-05-27";"09:48:25";"A330000000008001"
"586";262;"2020-05-28 05:38:16";"2020-05-28";"05:38:16";"FF30000000008001"
"587";262;"2020-05-28 06:04:55";"2020-05-28";"06:04:55";"B0B0000000008001"
"588";265;"2020-05-23 17:05:05";"2020-05-23";"17:05:05";"5F70000000008001"
"589";265;"2020-05-23 17:37:33";"2020-05-23";"17:37:33";"10F0000000008001"
"590";265;"2020-05-24 05:22:00";"2020-05-24";"05:22:00";"6088000000008001"
"591";267;"2020-05-25 08:42:25";"2020-05-25";"08:42:25";"3188000000008001"
"592";267;"2020-05-26 05:40:58";"2020-05-26";"05:40:58";"18B0000000008001"
"593";267;"2020-05-26 08:08:06";"2020-05-26";"08:08:06";"5B30000000008001"
"594";267;"2020-05-26 08:10:49";"2020-05-26";"08:10:49";"9730000000008001"
"595";267;"2020-05-26 12:25:04";"2020-05-26";"12:25:04";"B330000000008001"
"596";268;"2020-05-22 04:21:48";"2020-05-22";"04:21:48";"6870000000008001"
"597";268;"2020-05-22 04:46:40";"2020-05-22";"04:46:40";"9888000000008001"
"598";268;"2020-05-22 04:50:00";"2020-05-22";"04:50:00";"DC88000000008001"
"599";268;"2020-05-22 04:56:31";"2020-05-22";"04:56:31";"08F0000000008001"
"600";268;"2020-05-22 04:57:22";"2020-05-22";"04:57:22";"E888000000008001"
"601";271;"2020-05-28 12:10:49";"2020-05-28";"12:10:49";"8F30000000008001"
"602";271;"2020-05-28 12:17:19";"2020-05-28";"12:17:19";"4E70000000008001"
"603";271;"2020-05-28 12:23:15";"2020-05-28";"12:23:15";"D0B0000000008001"
"604";271;"2020-05-28 12:24:38";"2020-05-28";"12:24:38";"72F0000000008001"
"605";271;"2020-05-28 12:29:06";"2020-05-28";"12:29:06";"FE08000000008001"
"606";271;"2020-05-28 13:17:40";"2020-05-28";"13:17:40";"6970000000008001"
"607";274;"2020-05-21 07:27:26";"2020-05-21";"07:27:26";"97B0000000008001"
"608";274;"2020-05-23 04:14:51";"2020-05-23";"04:14:51";"A870000000008001"
"609";274;"2020-05-23 04:21:22";"2020-05-23";"04:21:22";"5C70000000008001"
"610";274;"2020-05-23 04:22:26";"2020-05-23";"04:22:26";"DC70000000008001"
"611";274;"2020-05-23 04:58:56";"2020-05-23";"04:58:56";"0FB0000000008001"
"612";274;"2020-05-23 05:13:22";"2020-05-23";"05:13:22";"C888000000008001"
"613";277;"2020-05-22 09:13:38";"2020-05-22";"09:13:38";"4888000000008001"
"614";277;"2020-05-26 04:45:22";"2020-05-26";"04:45:22";"A288000000008001"
"615";277;"2020-05-26 04:49:15";"2020-05-26";"04:49:15";"7288000000008001"
"616";277;"2020-05-26 04:56:58";"2020-05-26";"04:56:58";"4688000000008001"
"617";277;"2020-05-26 04:59:00";"2020-05-26";"04:59:00";"0930000000008001"
"618";277;"2020-05-26 05:08:09";"2020-05-26";"05:08:09";"3A88000000008001"
"619";277;"2020-05-26 05:08:45";"2020-05-26";"05:08:45";"7E88000000008001"
"620";277;"2020-05-26 05:13:30";"2020-05-26";"05:13:30";"9188000000008001"
